"fov","x_global_px","y_global_px"
1,17949.7777777778,140003.555555556
2,18150,140003.555555556
