"fov","x_global_px","y_global_px"
1,16077.7777777778,146055.555555556
2,16377.7777777778,146055.555555556
