"","fov","x_global_px","y_global_px"
"1",1,12677.7777777778,136755.555555556
"2",2,18150,136755.555555556
