"fov","x_global_px","y_global_px"
1,1733.33333333333,136755.555555556
2,7205.55555555556,136755.555555556
