"fov","x_global_px","y_global_px"
1,5133.33333333333,146055.555555556
2,5433.33333333333,146055.555555556
