"fov","x_global_px","y_global_px"
1,7005.33333333333,140003.555555556
2,7205.55555555556,140003.555555556
